Ticker symbol,Security,SEC filings,GICS?Sector,GICS Sub Industry,Address of Headquarters,Date first added,CIK
A,Agilent Technologies Inc,reports,Health Care,Health Care Equipment,"Santa Clara, California",6/5/2000,1090872
AAL,American Airlines Group,reports,Industrials,Airlines,"Fort Worth, Texas",3/23/2015,6201
AAP,Advance Auto Parts,reports,Consumer Discretionary,Automotive Retail,"Roanoke, Virginia",7/9/2015,1158449
AAPL,Apple Inc.,reports,Information Technology,"Technology Hardware, Storage & Peripherals","Cupertino, California",11/30/1982,320193
ABBV,AbbVie Inc.,reports,Health Care,Pharmaceuticals,"North Chicago, Illinois",12/31/2012,1551152
ABC,AmerisourceBergen Corp,reports,Health Care,Health Care Distributors,"Chesterbrook, Pennsylvania",8/30/2001,1140859
ABT,Abbott Laboratories,reports,Health Care,Health Care Equipment,"North Chicago, Illinois",3/31/1964,1800
ACN,Accenture plc,reports,Information Technology,IT Consulting & Other Services,"Dublin, Ireland",7/6/2011,1467373
ADBE,Adobe Systems Inc,reports,Information Technology,Application Software,"San Jose, California",5/5/1997,796343
ADI,"Analog Devices, Inc.",reports,Information Technology,Semiconductors,"Norwood, Massachusetts",,6281
ADM,Archer-Daniels-Midland Co,reports,Consumer Staples,Agricultural Products,"Decatur, Illinois",7/29/1981,7084
ADP,Automatic Data Processing,reports,Information Technology,Internet Software & Services,"Roseland, New Jersey",3/31/1981,8670
ADS,Alliance Data Systems,reports,Information Technology,Data Processing & Outsourced Services,"Plano, Texas",12/23/2013,1101215
ADSK,Autodesk Inc,reports,Information Technology,Application Software,"San Rafael, California",12/1/1989,769397
AEE,Ameren Corp,reports,Utilities,Multi-Utilities,"St. Louis, Missouri",9/19/1991,1002910
AEP,American Electric Power,reports,Utilities,Electric Utilities,"Columbus, Ohio",,4904
AES,AES Corp,reports,Utilities,Independent Power Producers & Energy Traders,"Arlington, Virginia",,874761
AET,Aetna Inc,reports,Health Care,Managed Health Care,"Hartford, Connecticut",6/30/1976,1122304
AFL,AFLAC Inc,reports,Financials,Life & Health Insurance,"Columbus, Georgia",,4977
AGN,"Allergan, Plc",reports,Health Care,Pharmaceuticals,"Dublin, Ireland",,884629
AIG,"American International Group, Inc.",reports,Financials,Property & Casualty Insurance,"New York, New York",3/31/1980,5272
AIV,Apartment Investment & Management,reports,Real Estate,Residential REITs,"Denver, Colorado",,922864
AIZ,Assurant Inc,reports,Financials,Multi-line Insurance,"New York, New York",4/10/2007,1267238
AJG,Arthur J. Gallagher & Co.,reports,Financials,Insurance Brokers,"Itasca, Illinois",5/31/2016,354190
AKAM,Akamai Technologies Inc,reports,Information Technology,Internet Software & Services,"Cambridge, Massachusetts",7/12/2007,1086222
ALB,Albemarle Corp,reports,Materials,Specialty Chemicals,"Baton Rouge, Louisiana",7/1/2016,915913
ALGN,Align Technology,reports,Health Care,Health Care Supplies,"San Jose, California",6/19/2017,1097149
ALK,Alaska Air Group Inc,reports,Industrials,Airlines,"Seattle, Washington",5/13/2016,766421
ALL,Allstate Corp,reports,Financials,Property & Casualty Insurance,"Northfield Township, Illinois",,899051
ALLE,Allegion,reports,Industrials,Building Products,"Dublin, Ireland",12/2/2013,1579241
ALXN,Alexion Pharmaceuticals,reports,Health Care,Biotechnology,"Cheshire, Connecticut",5/25/2012,899866
AMAT,Applied Materials Inc,reports,Information Technology,Semiconductor Equipment,"Santa Clara, California",,6951
AMD,Advanced Micro Devices Inc,reports,Information Technology,Semiconductors,"Sunnyvale, California",3/20/2017,2488
AME,AMETEK Inc,reports,Industrials,Electrical Components & Equipment,"Berwyn, Pennsylvania",9/23/2013,1037868
AMG,Affiliated Managers Group Inc,reports,Financials,Asset Management & Custody Banks,"Beverly, Massachusetts",7/1/2014,1004434
AMGN,Amgen Inc,reports,Health Care,Biotechnology,"Thousand Oaks, California",1/2/1992,318154
AMP,Ameriprise Financial,reports,Financials,Asset Management & Custody Banks,"Minneapolis, Minnesota",10/3/2005,820027
AMT,American Tower Corp A,reports,Real Estate,Specialized REITs,"Boston, Massachusetts",11/19/2007,1053507
AMZN,Amazon.com Inc,reports,Consumer Discretionary,Internet & Direct Marketing Retail,"Seattle, Washington",11/18/2005,1018724
ANDV,Andeavor,reports,Energy,Oil & Gas Refining & Marketing,"San Antonio, Texas",9/27/2007,50104
ANSS,ANSYS,reports,Information Technology,Application Software,"Canonsburg, Pennsylvania",6/19/2017,1013462
ANTM,Anthem Inc.,reports,Health Care,Managed Health Care,"Indianapolis, Indiana",,1156039
AON,Aon plc,reports,Financials,Insurance Brokers,"London,?United Kingdom",,315293
AOS,A.O. Smith?Corp,reports,Industrials,Building Products,"Milwaukee, Wisconsin",7/26/2017,91142
APA,Apache Corporation,reports,Energy,Oil & Gas Exploration & Production,"Houston, Texas",,6769
APC,Anadarko Petroleum Corp,reports,Energy,Oil & Gas Exploration & Production,"The Woodlands, Texas",,773910
APD,Air Products & Chemicals Inc,reports,Materials,Industrial Gases,"Allentown, Pennsylvania",4/30/1985,2969
APH,Amphenol Corp,reports,Information Technology,Electronic Components,"Wallingford, Connecticut",9/30/2008,820313
ARE,Alexandria Real Estate Equities Inc,reports,Real Estate,Office REITs,"Pasadena, California",3/20/2017,1035443
ARNC,Arconic Inc,reports,Industrials,Aerospace & Defense,"New York, New York",3/31/1964,4281
ATVI,Activision Blizzard,reports,Information Technology,Home Entertainment Software,"Santa Monica, California",8/31/2015,718877
AVB,"AvalonBay Communities, Inc.",reports,Real Estate,Residential REITs,"Arlington, Virginia[3]",1/10/2007,915912
AVGO,Broadcom,reports,Information Technology,Semiconductors,"San Jose, California",5/8/2014,1441634
AVY,Avery Dennison Corp,reports,Materials,Paper Packaging,"Glendale, California",12/31/1987,8818
AWK,American Water Works Company Inc,reports,Utilities,Water Utilities,"Voorhees, New Jersey",3/4/2016,1410636
AXP,American Express Co,reports,Financials,Consumer Finance,"New York, New York",6/30/1976,4962
AYI,Acuity Brands Inc,reports,Industrials,Electrical Components & Equipment,"Atlanta, Georgia",5/3/2016,1144215
AZO,AutoZone Inc,reports,Consumer Discretionary,Specialty Stores,"Memphis, Tennessee",,866787
BA,Boeing Company,reports,Industrials,Aerospace & Defense,"Chicago, Illinois",,12927
BAC,Bank of America Corp,reports,Financials,Diversified Banks,"Charlotte, North Carolina",6/30/1976,70858
BAX,Baxter International Inc.,reports,Health Care,Health Care Equipment,"Deerfield, Illinois",9/30/1972,10456
BBT,BB&T Corporation,reports,Financials,Regional Banks,"Winston-Salem, North Carolina",,92230
BBY,Best Buy Co. Inc.,reports,Consumer Discretionary,Computer & Electronics Retail,"Richfield, Minnesota",6/29/1999,764478
BCR,Bard (C.R.) Inc.,reports,Health Care,Health Care Equipment,"Murray Hill, New Jersey",6/30/1975,9892
BDX,Becton Dickinson,reports,Health Care,Health Care Equipment,"Franklin Lakes, New Jersey",9/30/1972,10795
BEN,Franklin Resources,reports,Financials,Asset Management & Custody Banks,"San Mateo, California",,38777
BF.B,Brown-Forman Corp.,reports,Consumer Staples,Distillers & Vintners,"Louisville, Kentucky",10/31/1982,14693
BHF,Brighthouse Financial Inc,reports,Financials,Life & Health Insurance,"Charlotte, North Carolina",8/8/2017,1685040
BHGE,"Baker Hughes, a GE Company",reports,Energy,Oil & Gas Equipment & Services,"Houston, Texas",,1701605
BIIB,Biogen Inc.,reports,Health Care,Biotechnology,"Weston, Massachusetts",,875045
BK,The Bank of New York Mellon Corp.,reports,Financials,Asset Management & Custody Banks,"New York, New York",,1390777
BLK,BlackRock,reports,Financials,Asset Management & Custody Banks,"New York, New York",4/4/2011,1364742
BLL,Ball Corp,reports,Materials,Metal & Glass Containers,"Broomfield, Colorado",10/31/1984,9389
BMY,Bristol-Myers Squibb,reports,Health Care,Health Care Distributors,"New York, New York",,14272
BRK.B,Berkshire Hathaway,reports,Financials,Multi-Sector Holdings,"Omaha, Nebraska",2/16/2010,1067983
BSX,Boston Scientific,reports,Health Care,Health Care Equipment,"Marlborough, Massachusetts[4]",2/24/1995,885725
BWA,BorgWarner,reports,Consumer Discretionary,Auto Parts & Equipment,"Auburn Hills, Michigan",12/19/2011,908255
BXP,Boston Properties,reports,Real Estate,Office REITs,"Boston, Massachusetts",4/3/2006,1037540
C,Citigroup Inc.,reports,Financials,Diversified Banks,"New York, New York",5/31/1988,831001
CA,"CA, Inc.",reports,Information Technology,Systems Software,"Islandia, New York",7/31/1987,356028
CAG,Conagra Brands,reports,Consumer Staples,Packaged Foods & Meats,"Chicago, Illinois",8/31/1983,23217
CAH,Cardinal Health?Inc.,reports,Health Care,Health Care Distributors,"Dublin, Ohio",,721371
CAT,Caterpillar Inc.,reports,Industrials,Construction Machinery & Heavy Trucks,"Peoria, Illinois",,18230
CB,Chubb Limited,reports,Financials,Property & Casualty Insurance,"Zurich, Switzerland",7/15/2010,896159
CBG,CBRE Group,reports,Real Estate,Real Estate Services,"Los Angeles, California",11/10/2006,1138118
CBOE,CBOE Holdings,reports,Financials,Financial Exchanges & Data,"Chicago, Illinois",3/1/2017,1374310
CBS,CBS Corp.,reports,Consumer Discretionary,Broadcasting,"New York, New York",9/1/1994,813828
CCI,Crown Castle International Corp.,reports,Real Estate,Specialized REITs,"Houston, Texas",3/14/2012,1051470
CCL,Carnival Corp.,reports,Consumer Discretionary,"Hotels, Resorts & Cruise Lines","Miami, Florida",,815097
CDNS,Cadence Design Systems,reports,Information Technology,Application Software,"San Jose, California",9/18/2017,813672
CELG,Celgene Corp.,reports,Health Care,Biotechnology,"Summit, New Jersey",11/6/2006,816284
CERN,Cerner,reports,Health Care,Health Care Technology,"North Kansas City, Missouri",4/30/2010,804753
CF,CF Industries Holdings Inc,reports,Materials,Fertilizers & Agricultural Chemicals,"Deerfield, Illinois",8/27/2008,1324404
CFG,Citizens Financial Group,reports,Financials,Regional Banks,"Providence, Rhode Island",1/29/2016,759944
CHD,Church & Dwight,reports,Consumer Staples,Household Products,"Ewing, New Jersey",12/29/2015,313927
CHK,Chesapeake Energy,reports,Energy,Oil & Gas Exploration & Production,"Oklahoma City, Oklahoma",,895126
CHRW,C. H. Robinson Worldwide,reports,Industrials,Air Freight & Logistics,"Eden Prairie, Minnesota",3/2/2007,1043277
CHTR,Charter Communications,reports,Consumer Discretionary,Cable & Satellite,"Stamford, Connecticut",9/8/2016,1091667
CI,CIGNA Corp.,reports,Health Care,Managed Health Care,"Philadelphia, Pennsylvania",6/30/1976,701221
CINF,Cincinnati Financial,reports,Financials,Property & Casualty Insurance,"Fairfield, Ohio",,20286
CL,Colgate-Palmolive,reports,Consumer Staples,Household Products,"New York, New York",,21665
CLX,The Clorox Company,reports,Consumer Staples,Household Products,"Oakland, California",3/31/1969,21076
CMA,Comerica Inc.,reports,Financials,Diversified Banks,"Dallas, Texas",,28412
CMCSA,Comcast Corp.,reports,Consumer Discretionary,Cable & Satellite,"Philadelphia, Pennsylvania",9/18/2015,1166691
CME,CME Group Inc.,reports,Financials,Financial Exchanges & Data,"Chicago, Illinois",,1156375
CMG,Chipotle Mexican Grill,reports,Consumer Discretionary,Restaurants,"Denver, Colorado",4/28/2011,1058090
CMI,Cummins Inc.,reports,Industrials,Industrial Machinery,"Columbus, Indiana",3/31/1965,26172
CMS,CMS Energy,reports,Utilities,Multi-Utilities,"Jackson, Michigan",,811156
CNC,Centene Corporation,reports,Health Care,Managed Health Care,"St Louis, Missouri",3/30/2016,1071739
CNP,CenterPoint Energy,reports,Utilities,Multi-Utilities,"Houston, Texas",7/31/1985,1130310
COF,Capital One Financial,reports,Financials,Consumer Finance,"Tysons Corner, Virginia",,927628
COG,Cabot Oil & Gas,reports,Energy,Oil & Gas Exploration & Production,"Houston, Texas",6/23/2008,858470
COL,Rockwell Collins,reports,Industrials,Aerospace & Defense,"Cedar Rapids, Iowa",7/2/2001,1137411
COO,The Cooper Companies,reports,Health Care,Health Care Supplies,"Pleasanton, California",9/23/2016,711404
COP,ConocoPhillips,reports,Energy,Oil & Gas Exploration & Production,"Houston, Texas",,1163165
COST,Costco Wholesale Corp.,reports,Consumer Staples,Hypermarkets & Super Centers,"Issaquah, Washington",10/1/1993,909832
COTY,"Coty, Inc",reports,Consumer Staples,Personal Products,"New York, NY",10/3/2016,1024305
CPB,Campbell Soup,reports,Consumer Staples,Packaged Foods & Meats,"Camden, New Jersey",,16732
CRM,Salesforce.com,reports,Information Technology,Internet Software & Services,"San Francisco, California",9/15/2008,1108524
CSCO,Cisco Systems,reports,Information Technology,Communications Equipment,"San Jose, California",12/1/1993,858877
CSRA,CSRA Inc.,reports,Information Technology,IT Consulting & Other Services,"Falls Church, Virginia",12/1/2015,1646383
CSX,CSX Corp.,reports,Industrials,Railroads,"Jacksonville, Florida",9/30/1967,277948
CTAS,Cintas Corporation,reports,Industrials,Diversified Support Services,"Mason, Ohio",3/1/2001,723254
CTL,CenturyLink Inc,reports,Telecommunication Services,Integrated Telecommunication Services,"Monroe, Louisiana",,18926
CTSH,Cognizant Technology Solutions,reports,Information Technology,IT Consulting & Other Services,"Teaneck, New Jersey",11/17/2006,1058290
CTXS,Citrix Systems,reports,Information Technology,Internet Software & Services,"Fort Lauderdale, Florida",,877890
CVS,CVS Health,reports,Consumer Staples,Drug Retail,"Woonsocket, Rhode Island",,64803
CVX,Chevron Corp.,reports,Energy,Integrated Oil & Gas,"San Ramon, California",,93410
CXO,Concho Resources,reports,Energy,Oil & Gas Exploration & Production,"Midland, Texas",2/22/2016,1358071
D,Dominion Energy,reports,Utilities,Electric Utilities,"Richmond, Virginia",,715957
DAL,Delta Air Lines?Inc.,reports,Industrials,Airlines,"Atlanta, Georgia",9/11/2013,27904
DE,Deere & Co.,reports,Industrials,Agricultural & Farm Machinery,"Moline, Illinois",,315189
DFS,Discover Financial Services,reports,Financials,Consumer Finance,"Riverwoods, Illinois",7/2/2007,1393612
DG,Dollar General,reports,Consumer Discretionary,General Merchandise Stores,"Goodlettsville, Tennessee",12/3/2012,29534
DGX,Quest Diagnostics,reports,Health Care,Health Care Services,"Madison, New Jersey",12/12/2002,1022079
DHI,D. R. Horton,reports,Consumer Discretionary,Homebuilding,"Fort Worth, Texas",,882184
DHR,Danaher Corp.,reports,Health Care,Health Care Equipment,"Washington, D.C.",,313616
DIS,The Walt Disney Company,reports,Consumer Discretionary,Cable & Satellite,"Burbank, California",6/30/1976,1001039
DISCA,Discovery Communications-A,reports,Consumer Discretionary,Cable & Satellite,"Silver Spring, Maryland",3/1/2010,1437107
DISCK,Discovery Communications-C,reports,Consumer Discretionary,Cable & Satellite,"Silver Spring, Maryland",8/7/2014,1437107
DISH,Dish Network,reports,Consumer Discretionary,Cable & Satellite,"Meridian, Colorado",3/13/2017,1001082
DLPH,Delphi Automotive?PLC,reports,Consumer Discretionary,Auto Parts & Equipment,"Gillingham, Kent,?United Kingdom",12/24/2012,1521332
DLR,Digital Realty?Trust Inc,reports,Real Estate,Specialized REITs,"San Francisco, California",5/18/2016,1297996
DLTR,Dollar Tree,reports,Consumer Discretionary,General Merchandise Stores,"Chesapeake, Virginia",12/19/2011,935703
DOV,Dover Corp.,reports,Industrials,Industrial Machinery,"Downers Grove, Illinois",10/31/1985,29905
DPS,Dr Pepper Snapple Group,reports,Consumer Staples,Soft Drinks,"Plano, Texas",10/7/2008,1418135
DRE,Duke Realty Corp,reports,Real Estate,Industrial REITs,"Indianapolis, Indiana",7/26/2017,783280
DRI,Darden Restaurants,reports,Consumer Discretionary,Restaurants,"Orlando, Florida",,940944
DTE,DTE Energy?Co.,reports,Utilities,Multi-Utilities,"Detroit, Michigan",,936340
DUK,Duke Energy,reports,Utilities,Electric Utilities,"Charlotte, North Carolina",6/30/1976,1326160
DVA,DaVita?Inc.,reports,Health Care,Health Care Facilities,"Denver, Colorado",7/31/2008,927066
DVN,Devon Energy?Corp.,reports,Energy,Oil & Gas Exploration & Production,"Oklahoma City, Oklahoma",8/30/2000,1090012
DWDP,DowDuPont,reports,Materials,Diversified Chemicals,"Midland, Michigan",,1666700
DXC,DXC Technology,reports,Information Technology,IT Consulting & Other Services,"Tysons Corner, Virginia",4/4/2017,1688568
EA,Electronic Arts,reports,Information Technology,Home Entertainment Software,"Redwood City, California",7/22/2002,712515
EBAY,eBay?Inc.,reports,Information Technology,Internet Software & Services,"San Jose, California",,1065088
ECL,Ecolab?Inc.,reports,Materials,Specialty Chemicals,"St. Paul, Minnesota",1/31/1989,31462
ED,Consolidated Edison,reports,Utilities,Electric Utilities,"New York, New York",,1047862
EFX,Equifax Inc.,reports,Industrials,Research & Consulting Services,"Atlanta, Georgia",6/19/1997,33185
EIX,Edison Int'l,reports,Utilities,Electric Utilities,"Rosemead, California",,827052
EL,Estee Lauder Cos.,reports,Consumer Staples,Personal Products,"New York, New York",1/5/2006,1001250
EMN,Eastman Chemical,reports,Materials,Diversified Chemicals,"Kingsport, Tennessee",1/1/1994,915389
EMR,Emerson Electric Company,reports,Industrials,Electrical Components & Equipment,"Ferguson, Missouri",3/31/1965,32604
EOG,EOG Resources,reports,Energy,Oil & Gas Exploration & Production,"Houston, Texas",11/2/2000,821189
EQIX,Equinix,reports,Real Estate,Specialized REITs,"Redwood City, California",3/20/2015,1101239
EQR,Equity Residential,reports,Real Estate,Residential REITs,"Chicago, Illinois",12/3/2001,906107
EQT,EQT Corporation,reports,Energy,Oil & Gas Exploration & Production,"Pittsburgh, Pennsylvania",12/19/2008,33213
ES,Eversource Energy,reports,Utilities,Multi-Utilities,"Springfield, Massachusetts",,72741
ESRX,Express Scripts,reports,Health Care,Health Care Distributors,"Cool Valley, Missouri",9/25/2003,1532063
ESS,"Essex Property Trust, Inc.",reports,Real Estate,Residential REITs,"Palo Alto, California",4/2/2014,920522
ETFC,E*Trade,reports,Financials,Investment Banking & Brokerage,"New York, New York",3/31/2004,1015780
ETN,Eaton Corporation,reports,Industrials,Electrical Components & Equipment,"Dublin, Ireland",,1551182
ETR,Entergy Corp.,reports,Utilities,Electric Utilities,"New Orleans, Louisiana",,65984
EVHC,Envision Healthcare,reports,Health Care,Health Care Services,"Nashville, Tennessee",12/2/2016,895930
EW,Edwards Lifesciences,reports,Health Care,Health Care Equipment,"Irvine, California",4/1/2011,1099800
EXC,Exelon Corp.,reports,Utilities,Multi-Utilities,"Chicago, Illinois",,1109357
EXPD,Expeditors International,reports,Industrials,Air Freight & Logistics,"Seattle, Washington",10/10/2007,746515
EXPE,Expedia Inc.,reports,Consumer Discretionary,Internet & Direct Marketing Retail,"Bellevue, Washington",10/2/2007,1324424
EXR,Extra Space Storage,reports,Real Estate,Specialized REITs,"Salt Lake City, Utah",1/19/2016,1289490
F,Ford Motor,reports,Consumer Discretionary,Automobile Manufacturers,"Dearborn, Michigan",,37996
FAST,Fastenal Co,reports,Industrials,Building Products,"Winona, Minnesota",9/15/2009,815556
FB,"Facebook, Inc.",reports,Information Technology,Internet Software & Services,"Menlo Park, California",12/23/2013,1326801
FBHS,Fortune Brands Home & Security,reports,Industrials,Building Products,"Deerfield, Illinois",6/22/2016,1519751
FCX,Freeport-McMoRan Inc.,reports,Materials,Copper,"Phoenix, Arizona",,831259
FDX,FedEx Corporation,reports,Industrials,Air Freight & Logistics,"Memphis, Tennessee",12/31/1980,1048911
FE,FirstEnergy Corp,reports,Utilities,Electric Utilities,"Akron, Ohio",,1031296
FFIV,F5 Networks,reports,Information Technology,Communications Equipment,"Seattle, Washington",12/20/2010,1048695
FIS,Fidelity National Information Services,reports,Information Technology,Internet Software & Services,"Jacksonville, Florida",11/10/2006,1136893
FISV,Fiserv Inc,reports,Information Technology,Internet Software & Services,"Brookfield, Wisconsin",4/2/2001,798354
FITB,Fifth Third Bancorp,reports,Financials,Regional Banks,"Cincinnati, Ohio",,35527
FL,Foot Locker Inc,reports,Consumer Discretionary,Apparel Retail,"New York, New York",4/4/2016,850209
FLIR,FLIR Systems,reports,Information Technology,Electronic Equipment & Instruments,"Wilsonville, Oregon",1/2/2009,354908
FLR,Fluor Corp.,reports,Industrials,Construction & Engineering,"Irving, Texas",3/31/1980,1124198
FLS,Flowserve Corporation,reports,Industrials,Industrial Machinery,"Irving, Texas",10/2/2008,30625
FMC,FMC Corporation,reports,Materials,Fertilizers & Agricultural Chemicals,"Philadelphia, Pennsylvania",8/19/2009,37785
FOX,Twenty-First Century Fox Class B,reports,Consumer Discretionary,Publishing,"New York, New York",9/18/2015,1308161
FOXA,Twenty-First Century Fox Class A,reports,Consumer Discretionary,Publishing,"New York, New York",7/1/2013,1308161
FRT,Federal Realty Investment Trust,reports,Real Estate,Retail REITs,"Rockville, Maryland",2/1/2016,34903
FTI,TechnipFMC,reports,Energy,Oil & Gas Equipment & Services,"London,?United Kingdom",6/5/2009,1681459
FTV,Fortive Corp,reports,Industrials,Industrial Machinery,"Everett, Washington",7/1/2016,1659166
GD,General Dynamics,reports,Industrials,Aerospace & Defense,"Falls Church, Virginia",,40533
GE,General Electric,reports,Industrials,Industrial Conglomerates,"Fairfield, Connecticut",,40545
GGP,General Growth Properties Inc.,reports,Real Estate,Retail REITs,"Chicago, Illinois",12/10/2013,895648
GILD,Gilead Sciences,reports,Health Care,Biotechnology,"Foster City, California",7/1/2004,882095
GIS,General Mills,reports,Consumer Staples,Packaged Foods & Meats,"Golden Valley, Minnesota",3/31/1969,40704
GLW,Corning Inc.,reports,Information Technology,Electronic Components,"Corning, New York",,24741
GM,General Motors,reports,Consumer Discretionary,Automobile Manufacturers,"Detroit, Michigan",6/6/2013,1467858
GOOG,Alphabet Inc Class C,reports,Information Technology,Internet Software & Services,"Mountain View, California",,1652044
GOOGL,Alphabet Inc Class A,reports,Information Technology,Internet Software & Services,"Mountain View, California",4/3/2014,1652044
GPC,Genuine Parts,reports,Consumer Discretionary,Specialty Stores,"Atlanta, Georgia",12/31/1973,40987
GPN,Global Payments Inc,reports,Information Technology,Data Processing & Outsourced Services,"Atlanta, Georgia",4/25/2016,1123360
GPS,Gap Inc.,reports,Consumer Discretionary,Apparel Retail,"San Francisco, California",8/31/1986,39911
GRMN,Garmin Ltd.,reports,Consumer Discretionary,Consumer Electronics,"Schaffhausen, Switzerland",12/12/2012,1121788
GS,Goldman Sachs Group,reports,Financials,Investment Banking & Brokerage,"New York, New York",7/22/2002,886982
GT,Goodyear Tire & Rubber,reports,Consumer Discretionary,Tires & Rubber,"Akron, Ohio",,42582
GWW,Grainger (W.W.) Inc.,reports,Industrials,Industrial Machinery,"Lake Forest, Illinois",6/30/1981,277135
HAL,Halliburton Co.,reports,Energy,Oil & Gas Equipment & Services,"Houston, Texas",,45012
HAS,Hasbro Inc.,reports,Consumer Discretionary,Leisure Products,"Pawtucket, Rhode Island",9/30/1984,46080
HBAN,Huntington Bancshares,reports,Financials,Regional Banks,"Columbus, Ohio",,49196
HBI,Hanesbrands Inc,reports,Consumer Discretionary,"Apparel, Accessories & Luxury Goods","Winston-Salem, North Carolina",3/20/2015,1359841
HCA,HCA Holdings,reports,Health Care,Health Care Facilities,"Nashville, Tennessee",1/27/2015,860730
HCN,Welltower Inc.,reports,Real Estate,Health Care REITs,"Toledo, Ohio",1/30/2009,766704
HCP,HCP Inc.,reports,Real Estate,Health Care REITs,"Long Beach, California",3/31/2008,765880
HD,Home Depot,reports,Consumer Discretionary,Home Improvement Retail,"Atlanta, Georgia",3/31/1988,354950
HES,Hess Corporation,reports,Energy,Integrated Oil & Gas,"New York, New York",5/31/1984,4447
HIG,Hartford Financial Svc.Gp.,reports,Financials,Property & Casualty Insurance,"Hartford, Connecticut",,874766
HLT,Hilton Worldwide?Holdings Inc,reports,Consumer Discretionary,"Hotels, Resorts & Cruise Lines","Tysons Corner, Virginia",6/19/2017,1585689
HOG,Harley-Davidson,reports,Consumer Discretionary,Motorcycle Manufacturers,"Milwaukee, Wisconsin",,793952
HOLX,Hologic,reports,Health Care,Health Care Equipment,"Marlborough, Massachusetts",3/30/2016,859737
HON,Honeywell Int'l Inc.,reports,Industrials,Industrial Conglomerates,"Morristown, New Jersey",3/31/1964,773840
HP,Helmerich & Payne,reports,Energy,Oil & Gas Drilling,"Tulsa, Oklahoma[5]",3/1/2010,46765
HPE,Hewlett Packard Enterprise,reports,Information Technology,"Technology Hardware, Storage & Peripherals","Palo Alto, California",11/2/2015,1645590
HPQ,HP Inc.,reports,Information Technology,"Technology Hardware, Storage & Peripherals","Palo Alto, California",12/31/1974,47217
HRB,Block H&R,reports,Financials,Consumer Finance,"Kansas City, Missouri",11/30/1986,12659
HRL,Hormel Foods Corp.,reports,Consumer Staples,Packaged Foods & Meats,"Austin, Minnesota",3/4/2009,48465
HRS,Harris Corporation,reports,Information Technology,Communications Equipment,"Melbourne, Florida",9/22/2008,202058
HSIC,Henry Schein,reports,Health Care,Health Care Distributors,"Melville, New York",3/17/2015,1000228
HST,Host Hotels & Resorts,reports,Real Estate,Hotel & Resort REITs,"Bethesda, Maryland",3/20/2007,1070750
HSY,The Hershey Company,reports,Consumer Staples,Packaged Foods & Meats,"Hershey, Pennsylvania",,47111
HUM,Humana Inc.,reports,Health Care,Managed Health Care,"Louisville, Kentucky",,49071
IBM,International Business Machines,reports,Information Technology,IT Consulting & Other Services,"Armonk, New York",,51143
ICE,Intercontinental Exchange,reports,Financials,Financial Exchanges & Data,"Atlanta, Georgia",9/26/2007,1571949
IDXX,IDEXX Laboratories,reports,Health Care,Health Care Equipment,"Westbrook, Maine",1/5/2017,874716
IFF,Intl Flavors & Fragrances,reports,Materials,Specialty Chemicals,"New York, New York",3/31/1976,51253
ILMN,Illumina Inc,reports,Health Care,Life Sciences Tools & Services,"San Diego, California",11/19/2015,1110803
INCY,Incyte,reports,Health Care,Biotechnology,"Wilmington, Delaware",2/28/2017,879169
INFO,IHS Markit Ltd.,reports,Industrials,Research & Consulting Services,"London,?United Kingdom",6/2/2017,1598014
INTC,Intel Corp.,reports,Information Technology,Semiconductors,"Santa Clara, California",12/31/1976,50863
INTU,Intuit?Inc.,reports,Information Technology,Internet Software & Services,"Mountain View, California",12/5/2000,896878
IP,International Paper,reports,Materials,Paper Packaging,"Memphis, Tennessee",,51434
IPG,Interpublic Group,reports,Consumer Discretionary,Advertising,"New York, New York",10/1/1992,51644
IQV,IQVIA?Holdings Inc.,reports,Health Care,Life Sciences Tools & Service,"Durham, North Carolina",8/29/2017,1478242
IR,Ingersoll-Rand PLC,reports,Industrials,Industrial Machinery,"Dublin, Ireland",11/17/2010,1466258
IRM,Iron Mountain Incorporated,reports,Real Estate,Specialized REITs,"Boston, Massachusetts",1/6/2009,1020569
ISRG,Intuitive Surgical Inc.,reports,Health Care,Health Care Equipment,"Sunnyvale, California",6/2/2008,1035267
IT,Gartner Inc,reports,Information Technology,IT Consulting & Other Services,"Stamford, Connecticut",4/5/2017,749251
ITW,Illinois Tool Works,reports,Industrials,Industrial Machinery,"Glenview, Illinois",2/28/1986,49826
IVZ,Invesco Ltd.,reports,Financials,Asset Management & Custody Banks,"Atlanta, Georgia",8/21/2008,914208
JBHT,J. B. Hunt Transport Services,reports,Industrials,Trucking,"Lowell, Arkansas",7/1/2015,728535
JCI,Johnson Controls International,reports,Industrials,Building Products,"Cork, Ireland",8/27/2010,833444
JEC,Jacobs Engineering Group,reports,Industrials,Construction & Engineering,"Pasadena, California",10/26/2007,52988
JNJ,Johnson & Johnson,reports,Health Care,Health Care Equipment,"New Brunswick, New Jersey",6/30/1973,200406
JNPR,Juniper Networks,reports,Information Technology,Communications Equipment,"Sunnyvale, California",,1043604
JPM,JPMorgan Chase & Co.,reports,Financials,Diversified Banks,"New York, New York",6/30/1975,19617
JWN,Nordstrom,reports,Consumer Discretionary,Department Stores,"Seattle, Washington",8/31/1986,72333
K,Kellogg Co.,reports,Consumer Staples,Packaged Foods & Meats,"Battle Creek, Michigan",,55067
KEY,KeyCorp,reports,Financials,Regional Banks,"Cleveland, Ohio",3/1/1994,91576
KHC,Kraft Heinz?Co,reports,Consumer Staples,Packaged Foods & Meats,"Pittsburgh, Pennsylvania",7/6/2015,1637459
KIM,Kimco Realty,reports,Real Estate,Retail REITs,"New Hyde Park, New York",4/4/2006,879101
KLAC,KLA-Tencor Corp.,reports,Information Technology,Semiconductor Equipment,"Milpitas, California",,319201
KMB,Kimberly-Clark,reports,Consumer Staples,Household Products,"Irving, Texas",,55785
KMI,Kinder Morgan,reports,Energy,Oil & Gas Storage & Transportation,"Houston, Texas",5/25/2012,1506307
KMX,Carmax Inc,reports,Consumer Discretionary,Specialty Stores,"Richmond, Virginia",6/28/2010,1170010
KO,Coca-Cola Company?(The),reports,Consumer Staples,Soft Drinks,"Atlanta, Georgia",,21344
KORS,Michael Kors Holdings,reports,Consumer Discretionary,"Apparel, Accessories & Luxury Goods","New York, New York",11/13/2013,1530721
KR,Kroger Co.,reports,Consumer Staples,Food Retail,"Cincinnati, Ohio",,56873
KSS,Kohl's?Corp.,reports,Consumer Discretionary,General Merchandise Stores,"Menomonee Falls, Wisconsin",,885639
KSU,Kansas City Southern,reports,Industrials,Railroads,"Kansas City, Missouri",5/24/2013,54480
L,Loews Corp.,reports,Financials,Multi-line Insurance,"New York, New York",,60086
LB,L Brands Inc.,reports,Consumer Discretionary,Apparel Retail,"Columbus, Ohio",9/30/1983,701985
LEG,Leggett & Platt,reports,Consumer Discretionary,Home Furnishings,"Carthage, Missouri",,58492
LEN,Lennar Corp.,reports,Consumer Discretionary,Homebuilding,"Miami, Florida",10/4/2005,920760
LH,Laboratory Corp. of America Holding,reports,Health Care,Health Care Services,"Burlington, North Carolina",11/1/2004,920148
LKQ,LKQ Corporation,reports,Consumer Discretionary,Distributors,"Chicago, Illinois",5/23/2016,1065696
LLL,L-3 Communications Holdings,reports,Industrials,Aerospace & Defense,"New York, New York",,1056239
LLY,Lilly (Eli) & Co.,reports,Health Care,Pharmaceuticals,"Indianapolis, Indiana",12/31/1970,59478
LMT,Lockheed Martin Corp.,reports,Industrials,Aerospace & Defense,"Bethesda, Maryland",7/31/1984,936468
LNC,Lincoln National,reports,Financials,Multi-line Insurance,"Radnor, Pennsylvania",6/30/1976,59558
LNT,Alliant Energy Corp,reports,Utilities,Electric Utilities,"Madison, Wisconsin",7/1/2016,352541
LOW,Lowe's Cos.,reports,Consumer Discretionary,Home Improvement Retail,"Mooresville, North Carolina",2/29/1984,60667
LRCX,Lam Research,reports,Information Technology,Semiconductor Equipment,"Fremont, California",6/29/2012,707549
LUK,Leucadia National Corp.,reports,Financials,Multi-Sector Holdings,"New York, New York",8/27/2007,96223
LUV,Southwest Airlines,reports,Industrials,Airlines,"Dallas, Texas",7/1/1994,92380
LYB,LyondellBasell,reports,Materials,Specialty Chemicals,"Rotterdam, Netherlands",9/5/2012,1489393
M,Macy's Inc.,reports,Consumer Discretionary,Department Stores,"Cincinnati, Ohio",,794367
MA,Mastercard Inc.,reports,Information Technology,Internet Software & Services,"Harrison, New York",7/18/2008,1141391
MAA,Mid-America Apartments,reports,Real Estate,Residential REITs,"Memphis, Tennessee",12/2/2016,912595
MAC,Macerich,reports,Real Estate,Retail REITs,"Santa Monica, California",5/9/2013,912242
MAR,Marriott Int'l.,reports,Consumer Discretionary,"Hotels, Resorts & Cruise Lines","Bethesda, Maryland",,1048286
MAS,Masco Corp.,reports,Industrials,Building Products,"Taylor, Michigan",6/30/1981,62996
MAT,Mattel Inc.,reports,Consumer Discretionary,Leisure Products,"El Segundo, California",3/31/1982,63276
MCD,McDonald's Corp.,reports,Consumer Discretionary,Restaurants,"Oak Brook, Illinois",6/30/1970,63908
MCHP,Microchip Technology,reports,Information Technology,Semiconductors,"Chandler, Arizona",9/7/2007,827054
MCK,McKesson Corp.,reports,Health Care,Health Care Distributors,"San Francisco, California",,927653
MCO,Moody's Corp,reports,Financials,Financial Exchanges & Data,"New York, New York",,1059556
MDLZ,Mondelez International,reports,Consumer Staples,Packaged Foods & Meats,"Northfield, Illinois",10/2/2012,1103982
MDT,Medtronic plc,reports,Health Care,Health Care Equipment,"Dublin,?Ireland",10/31/1986,64670
MET,MetLife Inc.,reports,Financials,Life & Health Insurance,"New York, New York",,1099219
MGM,MGM Resorts International,reports,Consumer Discretionary,Casinos & Gaming,"Paradise, Nevada",7/26/2017,789570
MHK,Mohawk Industries,reports,Consumer Discretionary,Home Furnishings,"Amsterdam, New York",12/23/2013,851968
MKC,McCormick & Co.,reports,Consumer Staples,Packaged Foods & Meats,"Sparks, Maryland",,63754
MLM,Martin Marietta Materials,reports,Materials,Construction Materials,"Raleigh, North Carolina",7/2/2014,916076
MMC,Marsh & McLennan,reports,Financials,Insurance Brokers,"New York, New York",8/31/1987,62709
MMM,3M Company,reports,Industrials,Industrial Conglomerates,"St. Paul, Minnesota",,66740
MNST,Monster Beverage,reports,Consumer Staples,Soft Drinks,"Corona, California",6/28/2012,865752
MO,Altria Group Inc,reports,Consumer Staples,Tobacco,"Richmond, Virginia",,764180
MON,Monsanto Co.,reports,Materials,Fertilizers & Agricultural Chemicals,"Creve Coeur, Missouri",8/7/2002,1110783
MOS,The Mosaic Company,reports,Materials,Fertilizers & Agricultural Chemicals,"Plymouth, Minnesota",9/26/2011,1285785
MPC,Marathon Petroleum,reports,Energy,Oil & Gas Refining & Marketing,"Findlay, Ohio",7/1/2011,1510295
MRK,Merck & Co.,reports,Health Care,Pharmaceuticals,"Whitehouse Station, New Jersey",,310158
MRO,Marathon Oil Corp.,reports,Energy,Oil & Gas Exploration & Production,"Houston, Texas",5/1/1991,101778
MS,Morgan Stanley,reports,Financials,Investment Banking & Brokerage,"New York, New York",,895421
MSFT,Microsoft Corp.,reports,Information Technology,Systems Software,"Redmond, Washington",6/1/1994,789019
MSI,Motorola Solutions Inc.,reports,Information Technology,Communications Equipment,"Schaumburg, Illinois",,68505
MTB,M&T Bank Corp.,reports,Financials,Regional Banks,"Buffalo, New York",,36270
MTD,Mettler Toledo,reports,Health Care,Life Sciences Tools & Services,"Columbus, Ohio",9/6/2016,1037646
MU,Micron Technology,reports,Information Technology,Semiconductors,"Boise, Idaho",9/27/1994,723125
MYL,Mylan N.V.,reports,Health Care,Pharmaceuticals,"Amsterdam,?Netherlands",4/23/2004,69499
NAVI,Navient,reports,Financials,Consumer Finance,"Wilmington, Delaware",5/1/2014,1593538
NBL,Noble Energy Inc,reports,Energy,Oil & Gas Exploration & Production,"Houston, Texas",10/8/2007,72207
NCLH,Norwegian Cruise Line,reports,Consumer Discretionary,"Hotels, Resorts & Cruise Lines","Miami, Florida",10/13/2017,1513761
NDAQ,"Nasdaq, Inc.",reports,Financials,Financial Exchanges & Data,"New York, New York",10/22/2008,1120193
NEE,NextEra Energy,reports,Utilities,Multi-Utilities,"Juno Beach, Florida",6/30/1976,753308
NEM,Newmont Mining Corporation,reports,Materials,Gold,"Denver, Colorado",6/30/1969,1164727
NFLX,Netflix Inc.,reports,Information Technology,Internet Software & Services,"Los Gatos, California",12/20/2010,1065280
NFX,Newfield Exploration Co,reports,Energy,Oil & Gas Exploration & Production,"Houston, Texas",12/20/2010,912750
NI,NiSource Inc.,reports,Utilities,Multi-Utilities,"Merrillville, Indiana",,1111711
NKE,Nike,reports,Consumer Discretionary,"Apparel, Accessories & Luxury Goods","Washington County, Oregon",11/30/1988,320187
NLSN,Nielsen Holdings,reports,Industrials,Research & Consulting Services,"New York, New York",7/9/2013,1492633
NOC,Northrop Grumman Corp.,reports,Industrials,Aerospace & Defense,"West Falls Church, Virginia",6/30/1985,1133421
NOV,National Oilwell Varco Inc.,reports,Energy,Oil & Gas Equipment & Services,"Houston, Texas",3/14/2005,1021860
NRG,NRG Energy,reports,Utilities,Independent Power Producers & Energy Traders,"Princeton, New Jersey",1/29/2010,1013871
NSC,Norfolk Southern Corp.,reports,Industrials,Railroads,"Norfolk, Virginia",,702165
NTAP,NetApp,reports,Information Technology,Internet Software & Services,"Sunnyvale, California",6/25/1999,1002047
NTRS,Northern Trust Corp.,reports,Financials,Asset Management & Custody Banks,"Chicago, Illinois",,73124
NUE,Nucor Corp.,reports,Materials,Steel,"Charlotte, North Carolina",4/30/1985,73309
NVDA,Nvidia Corporation,reports,Information Technology,Semiconductors,"Santa Clara, California",11/30/2001,1045810
NWL,Newell Brands,reports,Consumer Discretionary,Housewares & Specialties,"Sandy Springs, Georgia",4/30/1989,814453
NWS,News Corp. Class B,reports,Consumer Discretionary,Publishing,"New York, New York",9/18/2015,1564708
NWSA,News Corp. Class A,reports,Consumer Discretionary,Publishing,"New York, New York",8/1/2013,1564708
O,Realty Income Corporation,reports,Real Estate,Retail REITs,"San Diego, California",4/7/2015,726728
OKE,ONEOK,reports,Energy,Oil & Gas Storage & Transportation,"Tulsa, Oklahoma",3/15/2010,1039684
OMC,Omnicom Group,reports,Consumer Discretionary,Advertising,"New York, New York",,29989
ORCL,Oracle Corp.,reports,Information Technology,Application Software,"Redwood Shores, California",8/31/1989,1341439
ORLY,O'Reilly Automotive,reports,Consumer Discretionary,Specialty Stores,"Springfield, Missouri",3/27/2009,898173
OXY,Occidental Petroleum,reports,Energy,Oil & Gas Exploration & Production,"Los Angeles, California",12/31/1982,797468
PAYX,Paychex Inc.,reports,Information Technology,Internet Software & Services,"Penfield, New York",,723531
PBCT,People's United Financial,reports,Financials,Thrifts & Mortgage Finance,"Bridgeport, Connecticut",11/13/2008,1378946
PCAR,PACCAR Inc.,reports,Industrials,Construction Machinery & Heavy Trucks,"Bellevue, Washington",12/31/1980,75362
PCG,PG&E Corp.,reports,Utilities,Multi-Utilities,"San Francisco, California",,1004980
PCLN,Priceline.com Inc,reports,Consumer Discretionary,Internet & Direct Marketing Retail,"Norwalk, Connecticut",11/6/2009,1075531
PDCO,Patterson Companies,reports,Health Care,Health Care Supplies,"St. Paul, Minnesota",10/11/2005,891024
PEG,Public Serv. Enterprise Inc.,reports,Utilities,Electric Utilities,"Newark, New Jersey",,788784
PEP,PepsiCo Inc.,reports,Consumer Staples,Soft Drinks,"Purchase, New York",,77476
PFE,Pfizer Inc.,reports,Health Care,Pharmaceuticals,"New York, New York",,78003
PFG,Principal Financial Group,reports,Financials,Life & Health Insurance,"Des Moines, Iowa",7/22/2002,1126328
PG,Procter & Gamble,reports,Consumer Staples,Personal Products,"Cincinnati, Ohio",,80424
PGR,Progressive Corp.,reports,Financials,Property & Casualty Insurance,"Mayfield Village, Ohio",8/4/1997,80661
PH,Parker-Hannifin,reports,Industrials,Industrial Machinery,"Cleveland, Ohio",11/30/1985,76334
PHM,Pulte Homes Inc.,reports,Consumer Discretionary,Homebuilding,"Atlanta, Georgia",4/30/1984,822416
PKG,Packaging Corporation of America,reports,Materials,Paper Packaging,"Lake Forest, Illinois",7/26/2017,75677
PKI,PerkinElmer,reports,Health Care,Health Care Equipment,"Waltham, Massachusetts",5/31/1985,31791
PLD,Prologis,reports,Real Estate,Industrial REITs,"San Francisco, California",7/17/2003,1045609
PM,Philip Morris International,reports,Consumer Staples,Tobacco,"New York, New York",3/31/2008,1413329
PNC,PNC Financial Services,reports,Financials,Regional Banks,"Pittsburgh, Pennsylvania",4/30/1988,713676
PNR,Pentair Ltd.,reports,Industrials,Industrial Machinery,"Worsley, UK",10/1/2012,77360
PNW,Pinnacle West Capital,reports,Utilities,Multi-Utilities,"Phoenix, Arizona",,764622
PPG,PPG Industries,reports,Materials,Specialty Chemicals,"Pittsburgh, Pennsylvania",,79879
PPL,PPL Corp.,reports,Utilities,Electric Utilities,"Allentown, Pennsylvania",,922224
PRGO,Perrigo,reports,Health Care,Pharmaceuticals,"Dublin, Ireland",12/19/2011,1585364
PRU,Prudential Financial,reports,Financials,Life & Health Insurance,"Newark, New Jersey",7/22/2002,1137774
PSA,Public Storage,reports,Real Estate,Specialized REITs,"Glendale, California",8/19/2005,1393311
PSX,Phillips 66,reports,Energy,Oil & Gas Refining & Marketing,"Houston, Texas",5/1/2012,1534701
PVH,PVH Corp.,reports,Consumer Discretionary,"Apparel, Accessories & Luxury Goods","New York, New York",2/15/2013,78239
PWR,Quanta Services Inc.,reports,Industrials,Construction & Engineering,"Houston, Texas",7/1/2009,1050915
PX,Praxair Inc.,reports,Materials,Industrial Gases,"Danbury, Connecticut",7/1/1992,884905
PXD,Pioneer Natural Resources,reports,Energy,Oil & Gas Exploration & Production,"Irving, Texas",9/24/2008,1038357
PYPL,PayPal,reports,Information Technology,Data Processing & Outsourced Services,"San Jose, California",7/20/2015,1633917
QCOM,QUALCOMM Inc.,reports,Information Technology,Semiconductors,"San Diego, California",,804328
QRVO,Qorvo,reports,Information Technology,Semiconductors,"Greensboro, North Carolina",6/11/2015,1604778
RCL,Royal Caribbean Cruises Ltd,reports,Consumer Discretionary,"Hotels, Resorts & Cruise Lines","Miami, Florida",12/5/2014,884887
RE,Everest Re Group?Ltd,reports,Financials,Reinsurance,"Hamilton, Bermuda",6/19/2017,1095073
REG,Regency Centers Corporation,reports,Real Estate,Retail REITs,"Jacksonville, Florida",3/2/2017,910606
REGN,Regeneron,reports,Health Care,Biotechnology,"Tarrytown, New York",5/1/2013,872589
RF,Regions Financial Corp.,reports,Financials,Regional Banks,"Birmingham, Alabama",8/28/1998,1281761
RHI,Robert Half International,reports,Industrials,Human Resource & Employment Services,"Menlo Park, California",12/5/2000,315213
RHT,Red Hat Inc.,reports,Information Technology,Systems Software,"Raleigh, North Carolina",7/27/2009,1087423
RJF,Raymond James Financial Inc.,reports,Financials,Investment Banking & Brokerage,"St. Petersburg, Florida",3/20/2017,720005
RL,Polo Ralph Lauren Corp.,reports,Consumer Discretionary,"Apparel, Accessories & Luxury Goods","New York, New York",2/2/2007,1037038
RMD,ResMed,reports,Health Care,Health Care Equipment,"San Diego, California",7/26/2017,943819
ROK,Rockwell Automation Inc.,reports,Industrials,Electrical Components & Equipment,"Milwaukee, Wisconsin",,1024478
ROP,Roper Technologies,reports,Industrials,Industrial Conglomerates,"Sarasota, Florida",12/23/2009,882835
ROST,Ross Stores,reports,Consumer Discretionary,Apparel Retail,"Pleasanton, California",12/21/2009,745732
RRC,Range Resources Corp.,reports,Energy,Oil & Gas Exploration & Production,"Fort Worth, Texas",12/21/2007,315852
RSG,Republic Services Inc,reports,Industrials,Environmental & Facilities Services,"Phoenix, Arizona",12/5/2008,1060391
RTN,Raytheon Co.,reports,Industrials,Aerospace & Defense,"Waltham, Massachusetts",,1047122
SBAC,SBA Communications,reports,Real Estate,Specialized REITs,"Boca Raton, Florida",9/1/2017,1034054
SBUX,Starbucks Corp.,reports,Consumer Discretionary,Restaurants,"Seattle, Washington",,829224
SCG,SCANA Corp,reports,Utilities,Multi-Utilities,"Cayce, South Carolina",1/2/2009,754737
SCHW,Charles Schwab Corporation,reports,Financials,Investment Banking & Brokerage,"San Francisco, California",,316709
SEE,Sealed Air,reports,Materials,Paper Packaging,"Elmwood Park, New Jersey",,1012100
SHW,Sherwin-Williams,reports,Materials,Specialty Chemicals,"Cleveland, Ohio",6/30/1964,89800
SIG,Signet Jewelers,reports,Consumer Discretionary,Specialty Stores,"Hamilton, Bermuda",7/29/2015,832988
SJM,JM Smucker,reports,Consumer Staples,Packaged Foods & Meats,"Orrville, Ohio",11/6/2008,91419
SLB,Schlumberger Ltd.,reports,Energy,Oil & Gas Equipment & Services,"Cura?ao,?Kingdom of the Netherlands",3/31/1965,87347
SLG,SL Green Realty,reports,Real Estate,Office REITs,"New York, New York",3/20/2015,1040971
SNA,Snap-On Inc.,reports,Consumer Discretionary,Household Appliances,"Kenosha, Wisconsin",9/30/1982,91440
SNI,Scripps Networks Interactive Inc.,reports,Consumer Discretionary,Cable & Satellite,"Cincinnati, Ohio",7/1/2008,1430602
SNPS,Synopsys Inc.,reports,Information Technology,Application Software,"Mountain View, California",3/16/2017,883241
SO,Southern Co.,reports,Utilities,Electric Utilities,"Atlanta, Georgia",,92122
SPG,Simon Property Group Inc,reports,Real Estate,Retail REITs,"Indianapolis, Indiana",6/26/2002,1063761
SPGI,"S&P Global, Inc.",reports,Financials,Financial Exchanges & Data,"New York, New York",,64040
SRCL,Stericycle Inc,reports,Industrials,Environmental & Facilities Services,"Lake Forest, Illinois",11/19/2008,861878
SRE,Sempra Energy,reports,Utilities,Multi-Utilities,"San Diego, California",,1032208
STI,SunTrust Banks,reports,Financials,Regional Banks,"Atlanta, Georgia",5/31/1988,750556
STT,State Street Corp.,reports,Financials,Asset Management & Custody Banks,"Boston, Massachusetts",,93751
STX,Seagate Technology,reports,Information Technology,"Technology Hardware, Storage & Peripherals","Dublin, Ireland",7/2/2012,1137789
STZ,Constellation Brands,reports,Consumer Staples,Distillers & Vintners,"Victor, New York",7/5/2005,16918
SWK,Stanley Black & Decker,reports,Consumer Discretionary,Household Appliances,"New Britain, Connecticut",9/30/1982,93556
SWKS,Skyworks Solutions,reports,Information Technology,Semiconductors,"Woburn, Massachusetts",3/12/2015,4127
SYF,Synchrony Financial,reports,Financials,Consumer Finance,"Stamford, Connecticut",11/18/2015,1601712
SYK,Stryker Corp.,reports,Health Care,Health Care Equipment,"Kalamazoo, Michigan",12/12/2000,310764
SYMC,Symantec Corp.,reports,Information Technology,Application Software,"Mountain View, California",3/25/2003,849399
SYY,Sysco Corp.,reports,Consumer Staples,Food Distributors,"Houston, Texas",12/31/1986,96021
T,AT&T Inc,reports,Telecommunication Services,Integrated Telecommunication Services,"Dallas, Texas",11/30/1983,732717
TAP,Molson Coors Brewing Company,reports,Consumer Staples,Brewers,"Denver, Colorado",6/30/1976,24545
TDG,TransDigm Group,reports,Industrials,Aerospace & Defense,"Cleveland, Ohio",6/3/2016,1260221
TEL,TE Connectivity Ltd.,reports,Information Technology,Electronic Manufacturing Services,"Schaffhausen, Switzerland",10/17/2011,1385157
TGT,Target Corp.,reports,Consumer Discretionary,General Merchandise Stores,"Minneapolis, Minnesota",12/31/1976,27419
TIF,Tiffany & Co.,reports,Consumer Discretionary,"Apparel, Accessories & Luxury Goods","New York, New York",6/21/2000,98246
TJX,TJX Companies Inc.,reports,Consumer Discretionary,Apparel Retail,"Framingham, Massachusetts",9/30/1985,109198
TMK,Torchmark Corp.,reports,Financials,Life & Health Insurance,"McKinney, Texas",4/30/1989,320335
TMO,Thermo Fisher Scientific,reports,Health Care,Health Care Equipment,"Waltham, Massachusetts",,97745
TPR,"Tapestry, Inc.",reports,Consumer Discretionary,"Apparel, Accessories & Luxury Goods","New York, New York",,1116132
TRIP,TripAdvisor,reports,Consumer Discretionary,Internet & Direct Marketing Retail,"Newton, Massachusetts",12/21/2011,1526520
TROW,T. Rowe Price Group,reports,Financials,Asset Management & Custody Banks,"Baltimore, Maryland",,1113169
TRV,The Travelers Companies Inc.,reports,Financials,Property & Casualty Insurance,"New York, New York",8/21/2002,86312
TSCO,Tractor Supply Company,reports,Consumer Discretionary,Specialty Stores,"Brentwood, Tennessee",1/24/2014,916365
TSN,Tyson Foods,reports,Consumer Staples,Packaged Foods & Meats,"Springdale, Arkansas",,100493
TSS,Total System Services,reports,Information Technology,Internet Software & Services,"Columbus, Georgia",1/2/2008,721683
TWX,Time Warner Inc.,reports,Consumer Discretionary,Cable & Satellite,"New York, New York",,1105705
TXN,Texas Instruments,reports,Information Technology,Semiconductors,"Dallas, Texas",,97476
TXT,Textron Inc.,reports,Industrials,Aerospace & Defense,"Providence, Rhode Island",12/31/1978,217346
UA,Under Armour?Class C,reports,Consumer Discretionary,"Apparel, Accessories & Luxury Goods","Baltimore, Maryland",5/1/2014,1336917
UAA,Under Armour?Class A,reports,Consumer Discretionary,"Apparel, Accessories & Luxury Goods","Baltimore, Maryland",3/25/2016,1336917
UAL,United Continental Holdings,reports,Industrials,Airlines,"Chicago, Illinois",9/3/2015,100517
UDR,UDR Inc,reports,Real Estate,Residential REITs,"Highlands Ranch, Colorado",3/7/2016,74208
UHS,"Universal Health Services, Inc.",reports,Health Care,Health Care Facilities,"King of Prussia, Pennsylvania",9/20/2014,352915
ULTA,Ulta Salon Cosmetics & Fragrance Inc,reports,Consumer Discretionary,Specialty Stores,"Bolingbrook, Illinois",4/18/2016,1403568
UNH,United Health Group Inc.,reports,Health Care,Managed Health Care,"Minnetonka, Minnesota",7/1/1994,731766
UNM,Unum Group,reports,Financials,Life & Health Insurance,"Chattanooga, Tennessee",3/1/1994,5513
UNP,Union Pacific,reports,Industrials,Railroads,"Omaha, Nebraska",,100885
UPS,United Parcel Service,reports,Industrials,Air Freight & Logistics,"Atlanta, Georgia",7/22/2002,1090727
URI,"United Rentals, Inc.",reports,Industrials,Trading Companies & Distributors,"Stamford, Connecticut",9/20/2014,1067701
USB,U.S. Bancorp,reports,Financials,Diversified Banks,"Minneapolis, Minnesota",,36104
UTX,United Technologies,reports,Industrials,Aerospace & Defense,"Hartford, Connecticut",,101829
V,Visa Inc.,reports,Information Technology,Internet Software & Services,"San Francisco, California",12/21/2009,1403161
VAR,Varian Medical Systems,reports,Health Care,Health Care Equipment,"Palo Alto, California",2/12/2007,203527
VFC,V.F. Corp.,reports,Consumer Discretionary,"Apparel, Accessories & Luxury Goods","Greensboro, North Carolina",6/30/1979,103379
VIAB,Viacom Inc.,reports,Consumer Discretionary,Cable & Satellite,"New York, New York",,1339947
VLO,Valero Energy,reports,Energy,Oil & Gas Refining & Marketing,"San Antonio, Texas",,1035002
VMC,Vulcan Materials,reports,Materials,Construction Materials,"Birmingham, Alabama",6/30/1999,1396009
VNO,Vornado Realty Trust,reports,Real Estate,Office REITs,"New York, New York",,899689
VRSK,Verisk Analytics,reports,Industrials,Research & Consulting Services,"Jersey City, New Jersey",10/8/2015,1442145
VRSN,Verisign Inc.,reports,Information Technology,Internet Software & Services,"Dulles, Virginia",2/1/2006,1014473
VRTX,Vertex Pharmaceuticals Inc,reports,Health Care,Biotechnology,"Cambridge, Massachusetts",9/23/2013,875320
VTR,Ventas Inc,reports,Real Estate,Health Care REITs,"Chicago, Illinois",3/4/2009,740260
VZ,Verizon Communications,reports,Telecommunication Services,Integrated Telecommunication Services,"New York, New York",11/30/1983,732712
WAT,Waters Corporation,reports,Health Care,Health Care Distributors,"Milford, Massachusetts",,1000697
WBA,Walgreens Boots Alliance,reports,Consumer Staples,Drug Retail,"Deerfield, Illinois",12/31/1979,1618921
WDC,Western Digital,reports,Information Technology,"Technology Hardware, Storage & Peripherals","Irvine, California",7/1/2009,106040
WEC,Wec Energy Group Inc,reports,Utilities,Electric Utilities,"Milwaukee, Wisconsin",10/31/2008,783325
WFC,Wells Fargo,reports,Financials,Diversified Banks,"San Francisco, California",6/30/1976,72971
WHR,Whirlpool Corp.,reports,Consumer Discretionary,Household Appliances,"Benton Harbor, Michigan",,106640
WLTW,Willis Towers Watson,reports,Financials,Insurance Brokers,"London, United Kingdom",1/5/2016,1140536
WM,Waste Management Inc.,reports,Industrials,Environmental & Facilities Services,"Houston, Texas",,823768
WMB,Williams Cos.,reports,Energy,Oil & Gas Storage & Transportation,"Tulsa, Oklahoma",3/31/1975,107263
WMT,Wal-Mart Stores,reports,Consumer Staples,Hypermarkets & Super Centers,"Bentonville, Arkansas",8/31/1982,104169
WRK,WestRock Company,reports,Materials,Paper Packaging,"Richmond, Virginia",,1636023
WU,Western Union Co,reports,Information Technology,Internet Software & Services,"Englewood, Colorado",,1365135
WY,Weyerhaeuser Corp.,reports,Real Estate,Specialized REITs,"Federal Way, Washington",,106535
WYN,Wyndham Worldwide,reports,Consumer Discretionary,"Hotels, Resorts & Cruise Lines","Parsippany, New Jersey",,1361658
WYNN,Wynn Resorts?Ltd,reports,Consumer Discretionary,Casinos & Gaming,"Paradise, Nevada",11/14/2008,1174922
XEC,Cimarex Energy,reports,Energy,Oil & Gas Exploration & Production,"Denver, Colorado",6/21/2014,1168054
XEL,Xcel Energy Inc,reports,Utilities,Multi-Utilities,"Minneapolis, Minnesota",,72903
XL,XL Capital,reports,Financials,Property & Casualty Insurance,"Hamilton, Bermuda",,875159
XLNX,Xilinx Inc,reports,Information Technology,Semiconductors,"San Jose, California",11/8/1999,743988
XOM,Exxon Mobil Corp.,reports,Energy,Integrated Oil & Gas,"Irving, Texas",,34088
XRAY,Dentsply Sirona,reports,Health Care,Health Care Supplies,"York, Pennsylvania",11/14/2008,818479
XRX,Xerox Corp.,reports,Information Technology,"Technology Hardware, Storage & Peripherals","Norwalk, Connecticut",,108772
XYL,Xylem Inc.,reports,Industrials,Industrial Machinery,"White Plains, New York",11/1/2011,1524472
YUM,Yum! Brands Inc,reports,Consumer Discretionary,Restaurants,"Louisville, Kentucky",10/6/1997,1041061
ZBH,Zimmer Biomet Holdings,reports,Health Care,Health Care Equipment,"Warsaw, Indiana",8/7/2001,1136869
ZION,Zions Bancorp,reports,Financials,Regional Banks,"Salt Lake City, Utah",,109380
ZTS,Zoetis,reports,Health Care,Pharmaceuticals,"Florham Park, New Jersey",6/21/2013,1555280
